Issue ID,First Observed,Last Observed,CVE,Vulnerability,Domain,Certificate Common Name,Ip address,Ip addresses,Hostname,Destination IP Address,Destination Port,Email,Product name,Product version,Target,Port,Observations,Last Observed,Banner,Data,Source,Url,Explanation,Vulnerability description,Vulnerability publish date,Last Observed,Decay Reason,Observation Details,Observation Count,Average Findings (similar companies),Issue Incidence
c1aab5f9-4a40-5adf-8622-b796d82c399b,2026-01-02T07:59:06,2026-03-02T23:46:39,,,,,,,,,,,,,unclaimed.hnbassurance.com,8443,2,2026-03-02T23:46:39,,,,,,,,,,"[{""ip"":""104.18.1.245"",""sni"":""unclaimed.hnbassurance.com"",""ipv6"":null,""evidence"":[""TLS_RSA_WITH_3DES_EDE_CBC_SHA"",""TLS_RSA_WITH_3DES_EDE_CBC_SHA (0x000A)""],""lastSeenAt"":""2026-03-02T23:46:39"",""initialUrl"":""""},{""ip"":""104.18.0.245"",""sni"":""unclaimed.hnbassurance.com"",""ipv6"":null,""evidence"":[""TLS_RSA_WITH_3DES_EDE_CBC_SHA"",""TLS_RSA_WITH_3DES_EDE_CBC_SHA (0x000A)""],""lastSeenAt"":""2026-02-18T14:16:42"",""initialUrl"":""""}]",2,,2
0d518bae-ed14-51d9-9a98-d4f3369badc8,2026-01-02T07:59:06,2026-03-02T23:46:39,,,,,,,,,,,,,unclaimed.hnbassurance.com,443,2,2026-03-02T23:46:39,,,,,,,,,,"[{""ip"":""104.18.1.245"",""sni"":""unclaimed.hnbassurance.com"",""ipv6"":null,""evidence"":[""TLS_RSA_WITH_3DES_EDE_CBC_SHA"",""TLS_RSA_WITH_3DES_EDE_CBC_SHA (0x000A)""],""lastSeenAt"":""2026-03-02T23:46:39"",""initialUrl"":""""},{""ip"":""104.18.0.245"",""sni"":""unclaimed.hnbassurance.com"",""ipv6"":null,""evidence"":[""TLS_RSA_WITH_3DES_EDE_CBC_SHA"",""TLS_RSA_WITH_3DES_EDE_CBC_SHA (0x000A)""],""lastSeenAt"":""2026-02-18T14:16:42"",""initialUrl"":""""}]",2,,2
b6f7f49d-4aa3-5143-880a-a7b1824b2ba3,2026-01-02T17:15:04,2026-03-02T22:13:03,,,,,,,,,,,,,mobileapps.hnbassurance.com,443,2,2026-03-02T22:13:03,,,,,,,,,,"[{""ip"":""104.18.1.245"",""sni"":""mobileapps.hnbassurance.com"",""ipv6"":null,""evidence"":[""TLS_RSA_WITH_3DES_EDE_CBC_SHA"",""TLS_RSA_WITH_3DES_EDE_CBC_SHA (0x000A)""],""lastSeenAt"":""2026-03-02T22:13:03"",""initialUrl"":""""},{""ip"":""104.18.0.245"",""sni"":""mobileapps.hnbassurance.com"",""ipv6"":null,""evidence"":[""TLS_RSA_WITH_3DES_EDE_CBC_SHA"",""TLS_RSA_WITH_3DES_EDE_CBC_SHA (0x000A)""],""lastSeenAt"":""2026-02-28T01:01:21"",""initialUrl"":""""}]",2,,2
90ce1890-1ffa-5f88-b732-3a2d85be811e,2026-01-02T17:15:04,2026-03-02T22:13:03,,,,,,,,,,,,,mobileapps.hnbassurance.com,8443,2,2026-03-02T22:13:03,,,,,,,,,,"[{""ip"":""104.18.1.245"",""sni"":""mobileapps.hnbassurance.com"",""ipv6"":null,""evidence"":[""TLS_RSA_WITH_3DES_EDE_CBC_SHA"",""TLS_RSA_WITH_3DES_EDE_CBC_SHA (0x000A)""],""lastSeenAt"":""2026-03-02T22:13:03"",""initialUrl"":""""},{""ip"":""104.18.0.245"",""sni"":""mobileapps.hnbassurance.com"",""ipv6"":null,""evidence"":[""TLS_RSA_WITH_3DES_EDE_CBC_SHA"",""TLS_RSA_WITH_3DES_EDE_CBC_SHA (0x000A)""],""lastSeenAt"":""2026-02-28T01:01:21"",""initialUrl"":""""}]",2,,2
07c5655b-9383-50a5-94f9-6ea6197e99c6,2026-01-25T13:59:22,2026-03-02T20:49:09,,,,,,,,,,,,,payonline.hnbassurance.com,443,2,2026-03-02T20:49:09,,,,,,,,,,"[{""ip"":""104.18.1.245"",""sni"":""payonline.hnbassurance.com"",""ipv6"":null,""evidence"":[""TLS_RSA_WITH_3DES_EDE_CBC_SHA"",""TLS_RSA_WITH_3DES_EDE_CBC_SHA (0x000A)""],""lastSeenAt"":""2026-03-02T20:49:09"",""initialUrl"":""""},{""ip"":""104.18.0.245"",""sni"":""payonline.hnbassurance.com"",""ipv6"":null,""evidence"":[""TLS_RSA_WITH_3DES_EDE_CBC_SHA"",""TLS_RSA_WITH_3DES_EDE_CBC_SHA (0x000A)""],""lastSeenAt"":""2026-02-24T13:31:59"",""initialUrl"":""""}]",2,,2
c778aaed-599b-58ce-aed3-808e9a7564d4,2026-01-25T13:59:22,2026-03-02T20:49:09,,,,,,,,,,,,,payonline.hnbassurance.com,8443,2,2026-03-02T20:49:09,,,,,,,,,,"[{""ip"":""104.18.1.245"",""sni"":""payonline.hnbassurance.com"",""ipv6"":null,""evidence"":[""TLS_RSA_WITH_3DES_EDE_CBC_SHA"",""TLS_RSA_WITH_3DES_EDE_CBC_SHA (0x000A)""],""lastSeenAt"":""2026-03-02T20:49:09"",""initialUrl"":""""},{""ip"":""104.18.0.245"",""sni"":""payonline.hnbassurance.com"",""ipv6"":null,""evidence"":[""TLS_RSA_WITH_3DES_EDE_CBC_SHA"",""TLS_RSA_WITH_3DES_EDE_CBC_SHA (0x000A)""],""lastSeenAt"":""2026-02-24T13:31:59"",""initialUrl"":""""}]",2,,2
de8f03e8-bb55-51ed-8969-07d1106b9a36,2026-01-03T00:48:25,2026-03-02T20:26:21,,,,,,,,,,,,,onlinemrp.hnbassurance.com,443,2,2026-03-02T20:26:21,,,,,,,,,,"[{""ip"":""104.18.1.245"",""sni"":""onlinemrp.hnbassurance.com"",""ipv6"":null,""evidence"":[""TLS_RSA_WITH_3DES_EDE_CBC_SHA"",""TLS_RSA_WITH_3DES_EDE_CBC_SHA (0x000A)""],""lastSeenAt"":""2026-03-02T20:26:21"",""initialUrl"":""""},{""ip"":""104.18.0.245"",""sni"":""onlinemrp.hnbassurance.com"",""ipv6"":null,""evidence"":[""TLS_RSA_WITH_3DES_EDE_CBC_SHA"",""TLS_RSA_WITH_3DES_EDE_CBC_SHA (0x000A)""],""lastSeenAt"":""2026-02-27T16:06:39"",""initialUrl"":""""}]",2,,2
74bb8e1a-3d78-51cc-95df-cfd5736edbb6,2026-01-03T00:48:25,2026-03-02T20:26:21,,,,,,,,,,,,,onlinemrp.hnbassurance.com,8443,2,2026-03-02T20:26:21,,,,,,,,,,"[{""ip"":""104.18.1.245"",""sni"":""onlinemrp.hnbassurance.com"",""ipv6"":null,""evidence"":[""TLS_RSA_WITH_3DES_EDE_CBC_SHA"",""TLS_RSA_WITH_3DES_EDE_CBC_SHA (0x000A)""],""lastSeenAt"":""2026-03-02T20:26:21"",""initialUrl"":""""},{""ip"":""104.18.0.245"",""sni"":""onlinemrp.hnbassurance.com"",""ipv6"":null,""evidence"":[""TLS_RSA_WITH_3DES_EDE_CBC_SHA"",""TLS_RSA_WITH_3DES_EDE_CBC_SHA (0x000A)""],""lastSeenAt"":""2026-02-27T16:06:39"",""initialUrl"":""""}]",2,,2
1ca092ab-4c46-5fd5-8135-373270ebe422,2026-01-22T17:25:03,2026-03-02T20:21:38,,,,,,,,,,,,,webmail.hnbassurance.com,8443,2,2026-03-02T20:21:38,,,,,,,,,,"[{""ip"":""104.18.1.245"",""sni"":""webmail.hnbassurance.com"",""ipv6"":null,""evidence"":[""TLS_RSA_WITH_3DES_EDE_CBC_SHA"",""TLS_RSA_WITH_3DES_EDE_CBC_SHA (0x000A)""],""lastSeenAt"":""2026-03-02T20:21:38"",""initialUrl"":""""},{""ip"":""104.18.0.245"",""sni"":""webmail.hnbassurance.com"",""ipv6"":null,""evidence"":[""TLS_RSA_WITH_3DES_EDE_CBC_SHA"",""TLS_RSA_WITH_3DES_EDE_CBC_SHA (0x000A)""],""lastSeenAt"":""2026-02-21T15:11:06"",""initialUrl"":""""}]",2,,2
1d7a44e7-0f65-5e45-afce-09b16b63525e,2026-01-22T17:25:03,2026-03-02T20:21:38,,,,,,,,,,,,,webmail.hnbassurance.com,443,2,2026-03-02T20:21:38,,,,,,,,,,"[{""ip"":""104.18.1.245"",""sni"":""webmail.hnbassurance.com"",""ipv6"":null,""evidence"":[""TLS_RSA_WITH_3DES_EDE_CBC_SHA"",""TLS_RSA_WITH_3DES_EDE_CBC_SHA (0x000A)""],""lastSeenAt"":""2026-03-02T20:21:38"",""initialUrl"":""""},{""ip"":""104.18.0.245"",""sni"":""webmail.hnbassurance.com"",""ipv6"":null,""evidence"":[""TLS_RSA_WITH_3DES_EDE_CBC_SHA"",""TLS_RSA_WITH_3DES_EDE_CBC_SHA (0x000A)""],""lastSeenAt"":""2026-02-21T15:11:06"",""initialUrl"":""""}]",2,,2
b5086276-9a63-549b-81fc-21a586bf436b,2026-01-02T12:02:05,2026-03-02T17:55:50,,,,,,,,,,,,,mms.hnbassurance.com,443,2,2026-03-02T17:55:50,,,,,,,,,,"[{""ip"":""104.18.1.245"",""sni"":""mms.hnbassurance.com"",""ipv6"":null,""evidence"":[""TLS_RSA_WITH_3DES_EDE_CBC_SHA"",""TLS_RSA_WITH_3DES_EDE_CBC_SHA (0x000A)""],""lastSeenAt"":""2026-03-02T17:55:50"",""initialUrl"":""""},{""ip"":""104.18.0.245"",""sni"":""mms.hnbassurance.com"",""ipv6"":null,""evidence"":[""TLS_RSA_WITH_3DES_EDE_CBC_SHA"",""TLS_RSA_WITH_3DES_EDE_CBC_SHA (0x000A)""],""lastSeenAt"":""2026-02-27T15:13:53"",""initialUrl"":""""}]",2,,2
cae56f2d-cbcb-532e-b9cd-ee623629cdca,2026-01-02T12:02:05,2026-03-02T17:55:50,,,,,,,,,,,,,mms.hnbassurance.com,8443,2,2026-03-02T17:55:50,,,,,,,,,,"[{""ip"":""104.18.1.245"",""sni"":""mms.hnbassurance.com"",""ipv6"":null,""evidence"":[""TLS_RSA_WITH_3DES_EDE_CBC_SHA"",""TLS_RSA_WITH_3DES_EDE_CBC_SHA (0x000A)""],""lastSeenAt"":""2026-03-02T17:55:50"",""initialUrl"":""""},{""ip"":""104.18.0.245"",""sni"":""mms.hnbassurance.com"",""ipv6"":null,""evidence"":[""TLS_RSA_WITH_3DES_EDE_CBC_SHA"",""TLS_RSA_WITH_3DES_EDE_CBC_SHA (0x000A)""],""lastSeenAt"":""2026-02-27T15:13:53"",""initialUrl"":""""}]",2,,2
adc5c370-8dbd-5bd8-8416-c1d9153a2b70,2026-01-02T07:41:25,2026-03-02T15:52:10,,,,,,,,,,,,,salesforce.hnbassurance.com,443,2,2026-03-02T15:52:10,,,,,,,,,,"[{""ip"":""104.18.1.245"",""sni"":""salesforce.hnbassurance.com"",""ipv6"":null,""evidence"":[""TLS_RSA_WITH_3DES_EDE_CBC_SHA"",""TLS_RSA_WITH_3DES_EDE_CBC_SHA (0x000A)""],""lastSeenAt"":""2026-03-02T15:52:10"",""initialUrl"":""""},{""ip"":""104.18.0.245"",""sni"":""salesforce.hnbassurance.com"",""ipv6"":null,""evidence"":[""TLS_RSA_WITH_3DES_EDE_CBC_SHA"",""TLS_RSA_WITH_3DES_EDE_CBC_SHA (0x000A)""],""lastSeenAt"":""2026-02-27T17:40:11"",""initialUrl"":""""}]",2,,2
4ee33e3b-c6ff-574b-ad8a-37fb5345fc81,2026-01-02T07:41:25,2026-03-02T15:52:10,,,,,,,,,,,,,salesforce.hnbassurance.com,8443,2,2026-03-02T15:52:10,,,,,,,,,,"[{""ip"":""104.18.1.245"",""sni"":""salesforce.hnbassurance.com"",""ipv6"":null,""evidence"":[""TLS_RSA_WITH_3DES_EDE_CBC_SHA"",""TLS_RSA_WITH_3DES_EDE_CBC_SHA (0x000A)""],""lastSeenAt"":""2026-03-02T15:52:10"",""initialUrl"":""""},{""ip"":""104.18.0.245"",""sni"":""salesforce.hnbassurance.com"",""ipv6"":null,""evidence"":[""TLS_RSA_WITH_3DES_EDE_CBC_SHA"",""TLS_RSA_WITH_3DES_EDE_CBC_SHA (0x000A)""],""lastSeenAt"":""2026-02-27T17:40:11"",""initialUrl"":""""}]",2,,2
ea8ea8ea-1d95-5a29-8885-0a827b5db7ba,2026-01-02T06:11:06,2026-03-02T13:30:51,,,,,,,,,,,,,gogreen.hnbassurance.com,443,2,2026-03-02T13:30:51,,,,,,,,,,"[{""ip"":""104.18.1.245"",""sni"":""gogreen.hnbassurance.com"",""ipv6"":null,""evidence"":[""TLS_RSA_WITH_3DES_EDE_CBC_SHA"",""TLS_RSA_WITH_3DES_EDE_CBC_SHA (0x000A)""],""lastSeenAt"":""2026-03-02T13:30:51"",""initialUrl"":""""},{""ip"":""104.18.0.245"",""sni"":""gogreen.hnbassurance.com"",""ipv6"":null,""evidence"":[""TLS_RSA_WITH_3DES_EDE_CBC_SHA"",""TLS_RSA_WITH_3DES_EDE_CBC_SHA (0x000A)""],""lastSeenAt"":""2026-02-27T10:35:26"",""initialUrl"":""""}]",2,,2
869a5d72-0f44-56ee-af26-8595b3afa237,2026-01-02T06:11:06,2026-03-02T13:30:51,,,,,,,,,,,,,gogreen.hnbassurance.com,8443,2,2026-03-02T13:30:51,,,,,,,,,,"[{""ip"":""104.18.1.245"",""sni"":""gogreen.hnbassurance.com"",""ipv6"":null,""evidence"":[""TLS_RSA_WITH_3DES_EDE_CBC_SHA"",""TLS_RSA_WITH_3DES_EDE_CBC_SHA (0x000A)""],""lastSeenAt"":""2026-03-02T13:30:51"",""initialUrl"":""""},{""ip"":""104.18.0.245"",""sni"":""gogreen.hnbassurance.com"",""ipv6"":null,""evidence"":[""TLS_RSA_WITH_3DES_EDE_CBC_SHA"",""TLS_RSA_WITH_3DES_EDE_CBC_SHA (0x000A)""],""lastSeenAt"":""2026-02-27T10:35:26"",""initialUrl"":""""}]",2,,2
b0e9a5fc-0a46-5caf-8f62-016f5ca36e4e,2026-01-02T16:07:26,2026-03-02T10:34:11,,,,,,,,,,,,,medilink.hnbassurance.com,443,2,2026-03-02T10:34:11,,,,,,,,,,"[{""ip"":""104.18.1.245"",""sni"":""medilink.hnbassurance.com"",""ipv6"":null,""evidence"":[""TLS_RSA_WITH_3DES_EDE_CBC_SHA"",""TLS_RSA_WITH_3DES_EDE_CBC_SHA (0x000A)""],""lastSeenAt"":""2026-03-02T10:34:11"",""initialUrl"":""""},{""ip"":""104.18.0.245"",""sni"":""medilink.hnbassurance.com"",""ipv6"":null,""evidence"":[""TLS_RSA_WITH_3DES_EDE_CBC_SHA"",""TLS_RSA_WITH_3DES_EDE_CBC_SHA (0x000A)""],""lastSeenAt"":""2026-02-18T08:03:20"",""initialUrl"":""""}]",2,,2
5a9a3385-359f-5da1-ab5b-0cb32746304c,2026-01-02T16:07:26,2026-03-02T10:34:11,,,,,,,,,,,,,medilink.hnbassurance.com,8443,2,2026-03-02T10:34:11,,,,,,,,,,"[{""ip"":""104.18.1.245"",""sni"":""medilink.hnbassurance.com"",""ipv6"":null,""evidence"":[""TLS_RSA_WITH_3DES_EDE_CBC_SHA"",""TLS_RSA_WITH_3DES_EDE_CBC_SHA (0x000A)""],""lastSeenAt"":""2026-03-02T10:34:11"",""initialUrl"":""""},{""ip"":""104.18.0.245"",""sni"":""medilink.hnbassurance.com"",""ipv6"":null,""evidence"":[""TLS_RSA_WITH_3DES_EDE_CBC_SHA"",""TLS_RSA_WITH_3DES_EDE_CBC_SHA (0x000A)""],""lastSeenAt"":""2026-02-18T08:03:20"",""initialUrl"":""""}]",2,,2
292dca29-43be-597c-afc1-711f0fdc51db,2026-01-02T07:05:48,2026-03-02T04:19:16,,,,,,,,,,,,,ebuddy.hnbassurance.com,8443,2,2026-03-02T04:19:16,,,,,,,,,,"[{""ip"":""104.18.1.245"",""sni"":""ebuddy.hnbassurance.com"",""ipv6"":null,""evidence"":[""TLS_RSA_WITH_3DES_EDE_CBC_SHA"",""TLS_RSA_WITH_3DES_EDE_CBC_SHA (0x000A)""],""lastSeenAt"":""2026-03-02T04:19:16"",""initialUrl"":""""},{""ip"":""104.18.0.245"",""sni"":""ebuddy.hnbassurance.com"",""ipv6"":null,""evidence"":[""TLS_RSA_WITH_3DES_EDE_CBC_SHA"",""TLS_RSA_WITH_3DES_EDE_CBC_SHA (0x000A)""],""lastSeenAt"":""2026-02-24T02:13:07"",""initialUrl"":""""}]",2,,2
978e0817-e067-5671-bd9c-a89676edaaa9,2026-01-02T07:05:48,2026-03-02T04:19:16,,,,,,,,,,,,,ebuddy.hnbassurance.com,443,2,2026-03-02T04:19:16,,,,,,,,,,"[{""ip"":""104.18.1.245"",""sni"":""ebuddy.hnbassurance.com"",""ipv6"":null,""evidence"":[""TLS_RSA_WITH_3DES_EDE_CBC_SHA"",""TLS_RSA_WITH_3DES_EDE_CBC_SHA (0x000A)""],""lastSeenAt"":""2026-03-02T04:19:16"",""initialUrl"":""""},{""ip"":""104.18.0.245"",""sni"":""ebuddy.hnbassurance.com"",""ipv6"":null,""evidence"":[""TLS_RSA_WITH_3DES_EDE_CBC_SHA"",""TLS_RSA_WITH_3DES_EDE_CBC_SHA (0x000A)""],""lastSeenAt"":""2026-02-24T02:13:07"",""initialUrl"":""""}]",2,,2
922c981f-3436-529b-8a03-53159d94e9c9,2026-01-02T12:18:55,2026-03-02T03:38:46,,,,,,,,,,,,,edocs.hnbassurance.com,8443,2,2026-03-02T03:38:46,,,,,,,,,,"[{""ip"":""104.18.1.245"",""sni"":""edocs.hnbassurance.com"",""ipv6"":null,""evidence"":[""TLS_RSA_WITH_3DES_EDE_CBC_SHA"",""TLS_RSA_WITH_3DES_EDE_CBC_SHA (0x000A)""],""lastSeenAt"":""2026-03-02T03:38:46"",""initialUrl"":""""},{""ip"":""104.18.0.245"",""sni"":""edocs.hnbassurance.com"",""ipv6"":null,""evidence"":[""TLS_RSA_WITH_3DES_EDE_CBC_SHA"",""TLS_RSA_WITH_3DES_EDE_CBC_SHA (0x000A)""],""lastSeenAt"":""2026-02-24T02:23:18"",""initialUrl"":""""}]",2,,2
a4dfc570-4e55-5e05-b8eb-b2990fe34b9c,2026-01-02T12:18:55,2026-03-02T03:38:46,,,,,,,,,,,,,edocs.hnbassurance.com,443,2,2026-03-02T03:38:46,,,,,,,,,,"[{""ip"":""104.18.1.245"",""sni"":""edocs.hnbassurance.com"",""ipv6"":null,""evidence"":[""TLS_RSA_WITH_3DES_EDE_CBC_SHA"",""TLS_RSA_WITH_3DES_EDE_CBC_SHA (0x000A)""],""lastSeenAt"":""2026-03-02T03:38:46"",""initialUrl"":""""},{""ip"":""104.18.0.245"",""sni"":""edocs.hnbassurance.com"",""ipv6"":null,""evidence"":[""TLS_RSA_WITH_3DES_EDE_CBC_SHA"",""TLS_RSA_WITH_3DES_EDE_CBC_SHA (0x000A)""],""lastSeenAt"":""2026-02-24T02:23:18"",""initialUrl"":""""}]",2,,2
20c16b66-ffa2-501d-aeac-8d68439b7f96,2026-01-02T13:23:38,2026-03-02T00:54:42,,,,,,,,,,,,,api.hnbassurance.com,443,2,2026-03-02T00:54:42,,,,,,,,,,"[{""ip"":""104.18.1.245"",""sni"":""api.hnbassurance.com"",""ipv6"":null,""evidence"":[""TLS_RSA_WITH_3DES_EDE_CBC_SHA"",""TLS_RSA_WITH_3DES_EDE_CBC_SHA (0x000A)""],""lastSeenAt"":""2026-03-02T00:54:42"",""initialUrl"":""""},{""ip"":""104.18.0.245"",""sni"":""api.hnbassurance.com"",""ipv6"":null,""evidence"":[""TLS_RSA_WITH_3DES_EDE_CBC_SHA"",""TLS_RSA_WITH_3DES_EDE_CBC_SHA (0x000A)""],""lastSeenAt"":""2026-02-17T08:07:56"",""initialUrl"":""""}]",2,,2
059a096e-2858-50b5-b6c3-b03d0bd88286,2026-01-02T13:23:38,2026-03-02T00:54:42,,,,,,,,,,,,,api.hnbassurance.com,8443,2,2026-03-02T00:54:42,,,,,,,,,,"[{""ip"":""104.18.1.245"",""sni"":""api.hnbassurance.com"",""ipv6"":null,""evidence"":[""TLS_RSA_WITH_3DES_EDE_CBC_SHA"",""TLS_RSA_WITH_3DES_EDE_CBC_SHA (0x000A)""],""lastSeenAt"":""2026-03-02T00:54:42"",""initialUrl"":""""},{""ip"":""104.18.0.245"",""sni"":""api.hnbassurance.com"",""ipv6"":null,""evidence"":[""TLS_RSA_WITH_3DES_EDE_CBC_SHA"",""TLS_RSA_WITH_3DES_EDE_CBC_SHA (0x000A)""],""lastSeenAt"":""2026-02-17T08:07:56"",""initialUrl"":""""}]",2,,2
